seq_no,Line_Description,contract_number
8944,"GARMET CMPRSN CALF HEMO-FORCE II MD",PP-SV-257
19725,"GARMET CMPRSN CALF HEMO-FORCE II MD",PP-SV-257
39164,"GARMET CMPRSN CALF HEMO-FORCE II MDGARMET CMPRSN CALF HEMO-FORCE II MD",PP-SV-257
39165,"GARMET CMPRSN CALF HEMO-FORCE II MDGARMET CMPRSN CALF HEMO-FORCE II MD",PP-SV-257
63186,"GARMET CMPRSN CALF HEMO-FORCE II MD",PP-SV-257
76803,"GARMET CMPRSN CALF HEMO-FORCE II MD",PP-SV-257
100535,"GARMET CMPRSN CALF HEMO-FORCE II MD",PP-SV-257
114999,"GARMET CMPRSN CALF HEMO-FORCE II MD",PP-SV-257
138394,"GARMET CMPRSN CALF HEMO-FORCE II MDGARMET CMPRSN CALF HEMO-FORCE II MD",PP-SV-257
138395,"GARMET CMPRSN CALF HEMO-FORCE II MDGARMET CMPRSN CALF HEMO-FORCE II MD",PP-SV-257
175765,"GARMET CMPRSN CALF HEMO-FORCE II MD",PP-SV-257
210356,"GARMET CMPRSN CALF HEMO-FORCE II MD",PP-SV-257
262083,"GARMET CMPRSN CALF HEMO-FORCE II MD",PP-SV-257
900077,"GARMET CMPRSN CALF HEMO-FORCE II MD",PP-SV-257
916605,"GARMET CMPRSN CALF HEMO-FORCE II MD",PP-SV-257
943303,"GARMET CMPRSN CALF HEMO-FORCE II MDGARMET CMPRSN CALF HEMO-FORCE II MD",PP-SV-257
962263,"GARMET CMPRSN CALF HEMO-FORCE II MDGARMET CMPRSN CALF HEMO-FORCE II MD",PP-SV-257
962264,"GARMET CMPRSN CALF HEMO-FORCE II MDGARMET CMPRSN CALF HEMO-FORCE II MD",PP-SV-257
984999,"GARMET CMPRSN CALF HEMO-FORCE II MDGARMET CMPRSN CALF HEMO-FORCE II MD",PP-SV-257
985000,"GARMET CMPRSN CALF HEMO-FORCE II MDGARMET CMPRSN CALF HEMO-FORCE II MD",PP-SV-257
1009547,"GARMET CMPRSN CALF HEMO-FORCE II MD",PP-SV-257
1032334,"GARMET CMPRSN CALF HEMO-FORCE II MD",PP-SV-257
1050939,"GARMET CMPRSN CALF HEMO-FORCE II MDGARMET CMPRSN CALF HEMO-FORCE II MD",PP-SV-257
1050940,"GARMET CMPRSN CALF HEMO-FORCE II MDGARMET CMPRSN CALF HEMO-FORCE II MD",PP-SV-257
1076257,"GARMET CMPRSN CALF HEMO-FORCE II MD",PP-SV-257
1100394,"GARMET CMPRSN CALF HEMO-FORCE II MD",PP-SV-257
1122611,"GARMET CMPRSN CALF HEMO-FORCE II MD",PP-SV-257
1142874,"GARMET CMPRSN CALF HEMO-FORCE II MD",PP-SV-257
1167422,"GARMET CMPRSN CALF HEMO-FORCE II MDGARMET CMPRSN CALF HEMO-FORCE II MD",PP-SV-257
1167423,"GARMET CMPRSN CALF HEMO-FORCE II MDGARMET CMPRSN CALF HEMO-FORCE II MD",PP-SV-257
1172587,"GARMET CMPRSN CALF HEMO-FORCE II MD",PP-SV-257
1210787,"GARMET CMPRSN CALF HEMO-FORCE II MDGARMET CMPRSN CALF HEMO-FORCE II MD",PP-SV-257
1210788,"GARMET CMPRSN CALF HEMO-FORCE II MDGARMET CMPRSN CALF HEMO-FORCE II MD",PP-SV-257
1222189,"GARMET CMPRSN CALF HEMO-FORCE II MD",PP-SV-257
1242486,"GARMET CMPRSN CALF HEMO-FORCE II MD",PP-SV-257
1257891,"GARMET CMPRSN CALF HEMO-FORCE II MDGARMET CMPRSN CALF HEMO-FORCE II MD",PP-SV-257
1257892,"GARMET CMPRSN CALF HEMO-FORCE II MDGARMET CMPRSN CALF HEMO-FORCE II MD",PP-SV-257
1286197,"GARMET CMPRSN CALF HEMO-FORCE II MD",PP-SV-257
1301544,"GARMET CMPRSN CALF HEMO-FORCE II MD",PP-SV-257
1326072,"GARMET CMPRSN CALF HEMO-FORCE II MD",PP-SV-257
NULL,NULL,PP-SV-257
