id,mpn_raw,mpn_normalized,description_text,manufacturer_raw,source_field,source_system,contract_no
1,100,100,"ELECTRODE ELECTROSURGICAL L-HOOK WIRE MONOPOLAR CO","ETHICON INC",Facility_Product_Description,PO_PREMIER,PP-OR-1933
1,100,100,"ELECTRODE, L-HOOK E-Z CLEAN 13 1/4","JOHNSON & JOHNSON HOSPITAL SERVICES",Facility_Product_Description,PO_PREMIER,PP-OR-1933
1,100,100,"ELECTRODE LAPAROSCOPIC MEGADYNE E-Z CLEAN ELECTROSURGICAL MONOPOLAR 5MM STANDARD 33CM L-HOOK WIRE NON-STICK PTFE 6/BX","JOHNSON & JOHNSON HEALTH CARE SYSTEMS INC.",Product_Description,PO_PREMIER,PP-OR-1933
2,1000-0016,10000016,"ORTHOSCAN TAU 1515 MINI C-ARM","ZIEHM-ORTHOSCAN, INC. DBA ORTHOSCAN, INC.",Product_Description,PO_PREMIER,PP-IM-310
2,1000-0016,10000016,"ORTHOSCAN TAU 1515 MINI C-ARM",NULL,Facility_Product_Description,PO_PREMIER,PP-IM-310
3,10004,10004,"ADAPTER CARDIOPLEGIA DLP 3.5IN/10IN CORONARY Y-SHAPED 1-LEG FEMALE LUER W/WHITE CLAMP 20/PK","MEDTRONIC, INC.",Product_Description,PO_PREMIER,PP-OR-1803
3,10004,10004,"ADAPTER, CORONARY PERFUSION","MEDTRONIC CARDIAC SURGERY",Facility_Product_Description,PO_PREMIER,PP-OR-1803
4,10009,10009,"CANNULA PERFUSION DLP 11FR 5.5IN PEDIATRIC ADULT AORTIC ROOT FLANGED TIP W/SS STANDARD INTRO NDL PVC NON-RADIOLUCENT TIP 20/PK","MEDTRONIC, INC.",Product_Description,PO_PREMIER,PP-OR-1803
4,10009,10009,"DLP AORTIC ROOT CANNULA 5.5IN 9G","MEDTRONIC, INC.",Facility_Product_Description,PO_PREMIER,PP-OR-1803
5,10012,10012,"CANNULA PERFUSION DLP 9FR 5.5IN PEDIATRIC ADULT AORTIC ROOT FLANGED TIP W/SS STANDARD INTRO NDL BODY PVC NON-RADIOLUCENT TIP 20/PK","MEDTRONIC, INC.",Product_Description,PO_PREMIER,PP-OR-1803
5,10012,10012,"MEDTRONIC DLP AORTIC ROOT CANNULA 5.5&QUOT; X 12G","MEDTRONIC CARDIAC SURGERY",Facility_Product_Description,PO_PREMIER,PP-OR-1803
6,100145,100145,"TUBING SUCTION/IRRIGATION ENDO SMARTCAP ENDOSCOPIC DISPOSABLE F/OLYMPUS 140/160/180/190 SERIES","STERIS CORPORATION",ContractItemDesc,ITEM_MASTER,PP-OR-2503
6,100145,100145,"SYSTEM, WATER BOTTLE AQUASHIELD","STERIS CORPORATION",ItemDesc,ITEM_MASTER,PP-OR-2503
7,100145CO2,100145CO2,"TUBING SUCTION/IRRIGATION ENDO SMARTCAP W/CO2 F/OLYMPUS 140/160/180 SERIES DISPOSABLE","STERIS CORP",ContractItemDesc,ITEM_MASTER,PP-OR-2503
7,100145CO2,100145CO2,"TUBING SUCTION/IRRIGATION ENDO SMARTCAP W/CO2 F/OLYMPUS 140/160/180 SERIES DISPOSABLE","STERIS CORPORATION",ContractItemDesc,ITEM_MASTER,PP-OR-2503
7,100145CO2,100145CO2,"TUBING IRRIG ENDO SMARTCAP","STERIS CORP",ItemDesc,ITEM_MASTER,PP-OR-2503
7,100145CO2,100145CO2,"CAP, SMART ENDO FOR CO2 TUBING","STERIS CORPORATION",ItemDesc,ITEM_MASTER,PP-OR-2503
7,100145CO2,100145CO2,"TUBING IRRIGATION WITH CO2 OLYMPUS SERIES ENDOSCOP","STERIS CORP",Facility_Product_Description,PO_PREMIER,PP-OR-2000
7,100145CO2,100145CO2,"TUBING IRRIGATION WITH CO2 OLYMPUS SERIES ENDOSCOPE ENDO SMARTCAP","STERIS CORP",Line_Item_Description,PO_WORKDAY,PP-OR-2000
7,100145CO2,100145CO2,"TUBING SUCTION/IRRIGATION ENDO SMARTCAP W/CO2 F/OLYMPUS 140/160/180 SERIES DISPOSABLE","STERIS CORPORATION",Product_Description,PO_PREMIER,PP-OR-2000
8,100145CO2EXT,100145CO2EXT,"TUBING, ENDO SMARTCAP W/CO2 EXT","STERIS CORPORATION",ItemDesc,ITEM_MASTER,PP-OR-2503
8,100145CO2EXT,100145CO2EXT,"TUBING INSUFFLATION ENDO SMARTCAP ENDOSCOPIC 163CM EXTENDED CO2 SOURCE DISPOSABLE F/OLYMPUS 140/160/180/190 SERIES 10/BX","STERIS CORP",ContractItemDesc,ITEM_MASTER,PP-OR-2503
8,100145CO2EXT,100145CO2EXT,"TUBING ENDO WITH EXTENDED CO2 INPUT SMARTCAP FOR OLYMPUS 140/160/180","STERIS CORP",ItemDesc,ITEM_MASTER,PP-OR-2503
8,100145CO2EXT,100145CO2EXT,"TUBING INSUFFLATION ENDO SMARTCAP ENDOSCOPIC 163CM EXTENDED CO2 SOURCE DISPOSABLE F/OLYMPUS 140/160/180/190 SERIES 10/BX","STERIS CORPORATION",ContractItemDesc,ITEM_MASTER,PP-OR-2503
8,100145CO2EXT,100145CO2EXT,"TUBING ENDO WITH EXTENDED CO2 INPUT SMARTCAP FOR OLYMPUS 140/160/180","STERIS CORP",Line_Item_Description,PO_WORKDAY,PP-OR-2000
9,100241,100241,"CONNECTOR IRRIGATION WATER JET AUXILLARY DISPOSABLE ENDOGATOR","STERIS CORP",Line_Item_Description,PO_WORKDAY,PP-OR-2000
9,100241,100241,"WATER JET AUX SINGLE USE","STERIS CORPORATION",Facility_Product_Description,PO_PREMIER,PP-OR-2000
9,100241,100241,"CONNECTOR ENDOSCOPE MAINTENANCE ENDOGATOR W/AUXILIARY WATER JET F/OLYMPUS 160 180 SERIE PENTAX ENDOSCOPE SINGLE-USE","STERIS CORPORATION",Product_Description,PO_PREMIER,PP-OR-2000
9,100241,100241,"CONNECTOR ENDOSCOPE MAINTENANCE ENDOGATOR W/AUXILIARY WATER JET F/OLYMPUS 160 180 SERIE PENTAX ENDOSCOPE SINGLE-USE","STERIS CORPORATION",ContractItemDesc,ITEM_MASTER,PP-OR-2503
9,100241,100241,"WATER JET AUX SINGLE USE","STERIS CORPORATION",ItemDesc,ITEM_MASTER,PP-OR-2503
9,100241,100241,"CONNECTOR IRRIGATION WATER JET AUXILLARY DISPOSABLE ENDOGATOR","STERIS CORP",ItemDesc,ITEM_MASTER,PP-OR-2503
9,100241,100241,"CONNECTOR ENDOSCOPE MAINTENANCE ENDOGATOR W/AUXILIARY WATER JET F/OLYMPUS 160 180 SERIE PENTAX ENDOSCOPE SINGLE-USE","STERIS CORP",ContractItemDesc,ITEM_MASTER,PP-OR-2503
10,100248,100248,"KIT REAGENT TOX ANALYZER DR OXYCODONE 2X70ML R1/R2 DAT PH 5-8 700TEST/KT","BECKMAN COULTER INC",ContractItemDesc,ITEM_MASTER,PP-LA-723
10,100248,100248,"REAGENT, OXYCODONE R1 70ML R2 70ML (700)","BECKMAN/COULTER INSTRUMENTS",ItemDesc,ITEM_MASTER,PP-LA-723
10,100248,100248,"KIT REAGENT TOX ANALYZER DR OXYCODONE 2X70ML R1/R2 DAT PH 5-8 700TEST/KT","BECKMAN/COULTER INSTRUMENTS",ContractItemDesc,ITEM_MASTER,PP-LA-723
10,100248,100248,"REAGENT TOXICOLOGY 700 TEST OXYCODONE DRI 70ML","BECKMAN COULTER INC",ItemDesc,ITEM_MASTER,PP-LA-723
11,100250,100250,"CALIBRATOR, DRI OXYCODONE 100NG","MICROGENICS CORPORATION",ItemDesc,ITEM_MASTER,PP-LA-723
11,100250,100250,"CALIBRATOR TOXICOLOGY DRI 1000NG/ML OXYCODONE 10ML DOA URINE BOTTLE","MICROGENICS CORPORATION",ContractItemDesc,ITEM_MASTER,PP-LA-723
12,100251,100251,"CALIBRATOR TOXICOLOGY DRI 300NG/ML OXYCODONE 1X10ML DOA CUT-OFF URINE BOTTLE","BECKMAN COULTER INC",ContractItemDesc,ITEM_MASTER,PP-LA-723
12,100251,100251,"CALIBRATOR, OXYCODONE 300 NG/ML","BECKMAN/COULTER INSTRUMENTS",ItemDesc,ITEM_MASTER,PP-LA-723
12,100251,100251,"CALIBRATOR TOXICOLOGY DRI 300NG/ML OXYCODONE 1X10ML DOA CUT-OFF URINE BOTTLE","BECKMAN/COULTER INSTRUMENTS",ContractItemDesc,ITEM_MASTER,PP-LA-723
12,100251,100251,"CALIBRATOR TOXICOLOGY OXYCODONE 300 NG/ML","BECKMAN COULTER INC",ItemDesc,ITEM_MASTER,PP-LA-723
13,100252,100252,"CALIBRATOR TOXICOLOGY OXYCODONE 500 NG/ML","BECKMAN COULTER INC",ItemDesc,ITEM_MASTER,PP-LA-723
13,100252,100252,"CALIBRATOR TOXICOLOGY DRI 500NG/ML OXYCODONE 1X10ML URINE BOTTLE","BECKMAN/COULTER INSTRUMENTS",ContractItemDesc,ITEM_MASTER,PP-LA-723
13,100252,100252,"CALIBRATOR TOXICOLOGY DRI 500NG/ML OXYCODONE 1X10ML URINE BOTTLE","BECKMAN COULTER INC",ContractItemDesc,ITEM_MASTER,PP-LA-723
13,100252,100252,"CALIBRATOR, OXYCODONE 500 NG/ML","BECKMAN/COULTER INSTRUMENTS",ItemDesc,ITEM_MASTER,PP-LA-723
14,100305,100305,"VALVE, AIR WATER SUCTION BIOPSY KIT","STERIS CORPORATION",ItemDesc,ITEM_MASTER,PP-OR-2503
14,100305,100305,"KIT VALVE ENDOSCOPIC DEFENDO AIR WATER BIOPSY SUCTION 3-PIECE F/OLYMPUS/FUJINON/FUJIFILM STERILE SINGLE-USE","STERIS CORP",ContractItemDesc,ITEM_MASTER,PP-OR-2503
14,100305,100305,"VALVE ENDO KT 3 PC DISP STER DEFENDO","STERIS CORP",ItemDesc,ITEM_MASTER,PP-OR-2503
14,100305,100305,"KIT VALVE ENDOSCOPIC DEFENDO AIR WATER BIOPSY SUCTION 3-PIECE F/OLYMPUS/FUJINON/FUJIFILM STERILE SINGLE-USE","STERIS CORPORATION",ContractItemDesc,ITEM_MASTER,PP-OR-2503
